{"cameraMode":{"drawMode":0,"name":"Shaded","section":"Shading Mode"},"sceneLighting":true,"audioPlay":false,"sceneViewState":{"showFog":true,"showMaterialUpdate":false,"showSkybox":true,"showFlares":true,"showImageEffects":true,"showParticleSystems":true},"in2DMode":false,"pivot":{"x":-0.7691861391067505,"y":-0.013018667697906495,"z":-1.1574100255966187},"rotation":{"x":0.14018858969211579,"y":-0.25245165824890139,"z":0.036993201822042468,"w":0.9566869139671326},"size":3.5952696800231935,"orthographic":false}