{"cameraMode":{"drawMode":0,"name":"Shaded","section":"Shading Mode"},"sceneLighting":true,"audioPlay":false,"sceneViewState":{"showFog":true,"showMaterialUpdate":false,"showSkybox":true,"showFlares":true,"showImageEffects":true,"showParticleSystems":true},"in2DMode":false,"pivot":{"x":1.9859999418258668,"y":1.5099999904632569,"z":-5.599999904632568},"rotation":{"x":0.14799900352954865,"y":-0.2706891596317291,"z":0.042157478630542758,"w":0.950287938117981},"size":0.8473545908927918,"orthographic":false}