{"cameraMode":{"drawMode":0,"name":"Shaded","section":"Shading Mode"},"sceneLighting":true,"audioPlay":false,"sceneViewState":{"showFog":true,"showMaterialUpdate":false,"showSkybox":true,"showFlares":true,"showImageEffects":true,"showParticleSystems":true},"in2DMode":false,"pivot":{"x":0.0,"y":1.4000000953674317,"z":52.099998474121097},"rotation":{"x":0.24755695462226869,"y":-0.47007644176483157,"z":0.1392536461353302,"w":0.8356748819351196},"size":8.573651313781739,"orthographic":false}