{"cameraMode":{"drawMode":0,"name":"Shaded","section":"Shading Mode"},"sceneLighting":true,"audioPlay":false,"sceneViewState":{"showFog":true,"showMaterialUpdate":false,"showSkybox":true,"showFlares":true,"showImageEffects":true,"showParticleSystems":true},"in2DMode":false,"pivot":{"x":-0.7104907631874085,"y":0.17221593856811524,"z":-1.1548073291778565},"rotation":{"x":0.1983829140663147,"y":-0.33059725165367129,"z":0.07129298895597458,"w":0.919928789138794},"size":0.6173149347305298,"orthographic":false}