{"cameraMode":{"drawMode":0,"name":"Shaded","section":"Shading Mode"},"sceneLighting":true,"audioPlay":false,"sceneViewState":{"showFog":true,"showMaterialUpdate":false,"showSkybox":true,"showFlares":true,"showImageEffects":true,"showParticleSystems":true},"in2DMode":false,"pivot":{"x":-0.04447336494922638,"y":0.3223327398300171,"z":-1.0663784742355347},"rotation":{"x":0.24755695462226869,"y":-0.47007644176483157,"z":0.1392536461353302,"w":0.8356748819351196},"size":1.4545634984970093,"orthographic":false}