{"cameraMode":{"drawMode":0,"name":"Shaded","section":"Shading Mode"},"sceneLighting":true,"audioPlay":false,"sceneViewState":{"showFog":true,"showMaterialUpdate":false,"showSkybox":true,"showFlares":true,"showImageEffects":true,"showParticleSystems":true},"in2DMode":false,"pivot":{"x":-0.36300915479660036,"y":0.33062052726745608,"z":-1.9142508506774903},"rotation":{"x":0.7197161316871643,"y":0.002082792343571782,"z":-0.00215915497392416,"w":0.6942620277404785},"size":2.5168983936309816,"orthographic":false}