{"cameraMode":{"drawMode":0,"name":"Shaded","section":"Shading Mode"},"sceneLighting":true,"audioPlay":false,"sceneViewState":{"showFog":true,"showMaterialUpdate":false,"showSkybox":true,"showFlares":true,"showImageEffects":true,"showParticleSystems":true},"in2DMode":false,"pivot":{"x":0.4599990248680115,"y":0.42818737030029299,"z":-2.2271289825439455},"rotation":{"x":0.3792726695537567,"y":-0.35527506470680239,"z":0.16057749092578889,"w":0.839134156703949},"size":22.0,"orthographic":false}