{"cameraMode":{"drawMode":0,"name":"Shaded","section":"Shading Mode"},"sceneLighting":true,"audioPlay":false,"sceneViewState":{"showFog":true,"showMaterialUpdate":false,"showSkybox":true,"showFlares":true,"showImageEffects":true,"showParticleSystems":true},"in2DMode":false,"pivot":{"x":0.43599992990493777,"y":0.699999988079071,"z":-10.190000534057618},"rotation":{"x":0.047981515526771548,"y":-0.0014982720604166389,"z":0.00007197233935585245,"w":0.998847246170044},"size":0.351901113986969,"orthographic":false}